name,phone_number,email,password,role
Erin Reed,001-444-373-5258,james74@example.org,(JLt*KiXI7,renter
Kurt Adams,001-658-397-7828x72575,brent49@example.com,5+6mX!2I7a,vendor
Devon Nelson,336-267-1899x156,zdavis@example.org,2+_IH@Mg)w,admin
Susan Gaines,001-580-377-5662x5134,charles67@example.com,yd7Jf3VwA*,vendor
Kristen Malone,+1-714-681-2309x984,lunashelby@example.org,m7NAZmhS%3,renter
Felicia Wilkerson,543-611-9166x3070,amy83@example.com,9d$u9QyX!X,renter
Aaron Reeves,+1-255-636-4415x1263,ryanburton@example.net,z0@BS&(r$m,admin
Gabriel Herman,925.456.9804x874,hyork@example.com,!^2BcLye4x,admin
Charles Atkins,702.335.7300,jennifer95@example.net,HoX3xD^i#m,renter
Katie Dunn,001-802-391-9408x6415,jim31@example.com,B@4KRr(mu+,renter
Joshua Harrell,(553)223-7622x44980,kristinaanderson@example.org,t7ZYk#K)$@,renter
Terri Lopez,(919)551-8791x9300,jeffjackson@example.com,J+)C3Vix%%,admin
Luke Allen,(943)461-7731x30424,barbarajefferson@example.net,&@BoP6BH5w,renter
Jessica Young,5008169463,elizabeth60@example.net,&)Y_52ZbW5,renter
Craig Downs,777.603.5660,ycarpenter@example.org,iaKw7Lft_h,admin
Jake Simon,882-378-6767x1137,dhernandez@example.org,z(4Xt0a2Gv,vendor
Stephen Shaw Jr.,204.831.7655,john87@example.net,#VRVXL%f6+,vendor
Sheryl Smith,303-387-0588,david04@example.org,Q+L9KiT#hm,admin
William Palmer,325-479-3490,rgregory@example.net,ZqQn2KiYb@,admin
Sherry Pena,+1-375-473-3102x177,megan42@example.org,3Maa238rx),renter
Marissa Nguyen,+1-322-647-1501x313,bforbes@example.com,_m!Y2B+cVM,renter
Robert Williams,7564791822,barbersamuel@example.org,)fV@f$Art3,renter
Kelly Vargas,(267)766-0270x085,hamiltonbrian@example.net,_WU98Y%h6%,vendor
Elizabeth Key,(682)228-0862x340,jennifer41@example.com,M*8K8w4fR4,admin
